{
"Action": "Дія",
 "Activity": "Діяльність",
 "Address": "Адреса",
 "Advanced": "Додатково",
 "Align": "Вирівняти",
 "Align center": "Вирівняти по центру",
 "Align left": "Вирівняти ліворуч",
 "Align right": "Вирівняти праворуч",
 "Alignment": "Вирівнювання",
 "All": "Всі",
 "Alternative source": "Альтернативне джерело",
 "Alternative source URL": "Альтернативна URL-адреса джерела",
 "Anchor": "Якір",
 "Anchor...": "Якір",
 "Anchors": "Якорі",
 "Animals and Nature": "Тварини і природа",
 "Arrows": "Стрілки",
 "B": "B",
 "Background color": "Колір фону",
 "Black": "Чорний",
 "Block": "Блок",
 "Blockquote": "Блок цитати",
 "Blue": "Синій",
 "Body": "Вміст",
 "Bold": "Жирний",
 "Border": "Рамка",
 "Border color": "Колір межі",
 "Border style": "Стиль межі",
 "Border width": "Товщина межі",
 "Bottom": "Внизу",
 "Browse for an image": "Перегляд фотографій",
 "Bullet list": "Список маркерів",
 "Cancel": "Скасувати",
 "Введення великої літери": "Як у реченні",
 "Caption": "Назва",
 "Cell": "Клітина",
 "Cell padding": "Заповнення комірки",
 "Cell properties": "Властивості клітини",
 "Cell spacing": "Відстань між комірками",
 "Cell type": "Тип клітини",
 "Center": "Центр",
"Characters": "Персонажі",
 "Characters (no spaces)": "Символи (без пробілів)",
 "Circle": "Коло",
 "Class": "Клас CSS",
 "Clear formatting": "Очистити форматування",
 "Close": "Закрити",
 "Code": "Код",
 "Code sample": "Приклад вихідного коду",
 "Color": "Колір",
 "Color Picker": "Вибір кольору",
 "Color swatch": "Зразок кольору",
 "Cols": "Стовпці",
 "Column": "Стовпець",
 "Column group": "Група стовпців",
 "Constrain changes": "Зберігати пропорції",
 "Copy": "Копіювати",
 "Copy row": "Копіювати рядок",
 "Couldn't find the specified string.": "Текст, який ви шукали, не знайдено.",
 "Could not load emoticons": "Не вдалося завантажити смайлики",
 "Count": "Число",
 "Currency": "Валюта",
 "Current window": "Поточне вікно",
 "Custom color": "Користувацький колір",
 "Custom...": "Користувацький...",
 "Cut": "Вирізати",
 "Cut row": "Вирізати рядок",
 "Dark Blue": "Темно-синій",
 "Dark Gray": "Темно-сірий",
 "Dark Green": "Темно-зелений",
 "Dark Orange": "Темно-помаранчевий",
 "Dark Purple": "Темно-фіолетовий",
 "Dark Red": "Темно-червоний",
 "Dark Turquoise": "Темно-бірюзовий",
 "Dark Yellow": "Темно-жовтий",
 "Date/time": "Дата/час",
 "Decrease indent": "Зменшити відступ",
 "Default": "За замовчуванням",
 "Delete column": "Видалити стовпець",
 "Delete row": "Видалити рядок",
 "Delete table": "Видалити таблицю",
 "Dimensions": "Розміри",
 "Disc": "Диск",
 "Div": "Див",
 "Document": "Документ",
 "Document properties": "Властивості документа",
 "Drop an image here": "Перекинути зображення тут",
 "Edit": "Редагувати",
 "Edit image": "Редагувати зображення",
 "Embed": "Вставити",
 "Emoticons": "Emoji",
 "Emoticons...": "Смайлики",
 "Error": "Помилка",
 "Extended Latin": "Розширена латиниця",
 "Failed to upload image: {0}": "Не вдалося завантажити зображення: {0}",
 "Find": "Знайти",
 "Find and replace": "Знайти та замінити",
 "Find and replace...": "Знайти та замінити...",
 "Find whole words only": "Знайти лише цілі слова",
 "Finish": "Закінчити",
 "Flags": "Прапори",
 "Font": "Шрифт",
 "Font Sizes": "Розмір шрифту",
 "Fonts": "Шрифти",
 "Food and Drink": "Їжа та напої",
 "Footer": "Нижній колонтитул",
 "Format": "Формат",
 "Format Painter": "Формат Painter",
 "Formats": "Формати",
 "Fullscreen": "На весь екран",
    "G": "G",
 "General": "Загальні",
 "Gray": "Сірий",
 "Green": "Зелений",
 "H Align": "Вертикальне вирівнювання",
 "Header": "Заголовок",
 "Header 1": "Заголовок H1",
 "Header 2": "Заголовок H2",
 "Header 3": "Заголовок H3",
 "Header 4": "Заголовок H4",
 "Header 5": "Заголовок H5",
 "Header 6": "Заголовок H6",
 "Header cell": "Заголовок комірки",
 "Headers": "Заголовки",
 "Heading 1": "Заголовок H1",
 "Heading 2": "Заголовок H2",
 "Heading 3": "Заголовок H3",
 "Heading 4": "Заголовок H4",
 "Heading 5": "Заголовок H5",
 "Heading 6": "Заголовок H6",
 "Headings": "Заголовки",
 "Height": "Висота",
 "Help": "Допомога",
 "Horizontal line": "Горизонтальна лінія",
 "Horizontal space": "Горизонтальний простір",
 "Id": "Ідентифікатор",
    "Id should start with a letter, followed only by letters, numbers, dashes, dots, colons or underscores.": "Ідентифікатор повинен починатися з літери, за якою слідують лише літери, цифри, дефіси, крапки, двокрапки або підкреслення.",
"Ignore": "Ігнорувати",
 "Ignore all": "Ігнорувати всі",
 "Image": "Зображення",
 "Image description": "Опис зображення",
 "Image list": "Список зображень",
 "Image options": "Параметри зображення",
 "Image title": "Назва зображення",
 "Image...": "Зображення",
 "Increase indent": "Збільшити відступ",
 "Inline": "Вбудований",
 "Insert": "Вставити",
 "Insert column after": "Вставити стовпець після",
 "Insert column before": "Вставити стовпець перед",
 "Insert date/time": "Вставте дату/час",
 "Insert image": "Вставити зображення",
 "Insert link": "Вставити посилання",
 "Insert row after": "Вставити рядок після",
 "Insert row before": "Вставити рядок перед",
 "Insert table": "Вставити таблицю",
 "Insert video": "Вставити відео",
 "Insert/Edit Link": "Вставити/редагувати посилання",
 "Insert/edit iframe": "Вставити/редагувати iframe",
 "Insert/edit image": "Вставити або змінити зображення",
 "Insert/edit link": "Вставити/редагувати посилання",
 "Insert/edit media": "Вставити/редагувати медіа",
 "Insert/edit video": "Вставити/редагувати відео",
 "Italic": "Курсив",
 "Justify": "Вирівняти",
 "Keyboard Navigation": "Навігація з клавіатури",
 "Language": "Мова",
 "Left": "Ліворуч",
 "Left to right": "Зліва направо",
 "Light Blue": "Світло-блакитний",
 "Light Gray": "Світло-сірий",
 "Light Green": "Світло-зелений",
 "Light Purple": "Світло-фіолетовий",
 "Light Red": "Світло-червоний",
 "Light Yellow": "Світло-жовтий",
 "Link": "Адреса посилання",
 "Link list": "Список посилань",
 "Link...": "Посилання...",
 "Loading emoticons...": "Завантаження емодзі...",
 "Lower Alpha": "Нижні літери",
 "Lower Greek": "нижньогрецький",
 "Lower Roman": "Нижній Роман",
 "Match case": "Регістр відповідності",
 "Mathematical": "Математичний",
 "Media": "Медіа",
 "Media poster (Image URL)": "Обкладинка (URL-адреса зображення)",
 "Media...": "Мультимедіа...",
 "Medium Blue": "середній синій",
 "Medium Grey": "Середній сірий",
 "Medium Purple": "середній фіолетовий",
 "Merge cells": "Об'єднати клітинки",
 "Middle": "Середній",
 "Midnight Blue": "Опівнічний синій",
 "More...": "Більше...",
 "Name": "Ім'я",
 "Navy Blue": "Темно-синій",
 "New window": "Нове вікно",
 "Next": "Далі",
 "No": "Ні",
 "No color": "Без кольору",
 "Nonbreaking space": "Нерозривний простір",
 "None": "Жодного",
 "Numbered list": "Нумерований список",
"OR": "АБО",
 "Objects": "Об'єкти",
 "Okay": "Добре",
 "Open help dialog": "Відкрити діалогове вікно довідки",
 "Open link in...": "Відкрити посилання в...",
 "Orange": "Апельсин",
 "Page break": "Розрив сторінки",
 "Paragraph": "Абзац",
 "Paste": "Вставити",
 "Paste as text": "Вставити як звичайний текст",
 "Paste or type a link": "Вставте або введіть адресу посилання",
 "Paste row after": "Вставити рядок після",
 "Paste row before": "Вставити рядок перед",
 "Paste your embed code below:": "Вставте свій код для вбудовування тут:",
 "People": "Люди",
 "Permanent Pen Properties": "Властивості маркера",
 "Permanent pen properties...": "Властивості маркера...",
 "Poster": "Обкладинка",
 "Powered by {0}": "На основі {0}",
 "Pre": "Попередньо відформатований текст",
 "Preferences": "Налаштування",
 "Preformatted": "Попередньо відформатований",
 "Prev": "Попередня",
 "Preview": "Попередній перегляд",
 "Previous": "Попередній",
 "Print": "Друк",
 "Print...": "Друк...",
 "Purple": "фіолетовий",
 "Quotations": "Лапки",
 "R": "R",
 "Red": "Червоний",
 "Redo": "Повторити",
 "Remove color": "Видалити колір",
 "Remove link": "Видалити посилання",
 "Replace": "Замінити",
 "Replace all": "Замінити всі",
 "Replace with": "Замінити на",
 "Restore last draft": "Відновити останню чернетку",
 "Rich Text Area. Press ALT-0 for help.": "Область форматованого тексту. Натисніть ALT-0 для допомоги.",
 "Rich Text Area. Press ALT-F9 for menu. Press ALT-F10 for toolbar. Press ALT-0 for help":  "Область редагування. ALT-F9 - меню. ALT-F10 - панель інструментів. ALT-0 - довідка" ,
 "Right": "Праворуч",
 "Right to left": "Зправа наліво",
 "Row": "Рядок",
 "Row group": "Група рядків",
 "Row properties": "Властивості рядка",
 "Row type": "Тип рядка",
 "Rows": "Рядок.",
 "Save": "Зберегти",
 "Scope": "Контекст",
 "Search": "Пошук",
 "Select all": "Вибрати все",
 "Select...": "Виберіть...",
 "Selection": "Вибір",
 "Shortcut": "Ярлик",
 "Show caption": "Показати підпис",
 "Show invisible characters": "Показати невидимі символи",
 "Size": "Розмір",
 "Джерело": "HTML-код",
 "Source code": "Вихідний код",
 "Special character": "Спеціальний символ",
 "Special character...": "Спеціальний символ",
 "Spellcheck": "Перевірка правопису",
 "Split cell": "Розділити клітинки",
 "Square": "Квадрат",
 "Strikethrough": "Закреслене",
 "Style": "Стиль",
 "Subscript": "Нижній індекс",
 "Superscript": "Верхній індекс",
 "Switch to or from fullscreen mode": "Увімкнути або вимкнути повноекранний режим",
 "Symbols": "Символи",
 "System Font": "Системний шрифт",
 "Table": "Таблиця",
 "Table of Contents": "Зміст",
 "Table properties": "Властивості таблиці",
 "Target": "Ціль",
 "Text": "Текст",
 "Text color": "Колір тексту",
 "Text to display": "Текст для відображення",
 "The URL you entered seems to be an email address. Do you want to add the required mailto: prefix?": "Введена вами адреса, здається, є адресою електронної пошти. Ви хочете додати mailto: як префікс?",
 "The URL you entered seems to be an external link. Do you want to add the required http:// prefix?": "URL, який ви ввели, здається зовнішнім посиланням. Ви хочете додати http:// як префікс?",
 "Регістр заголовка": "Як власні імена",
 "To open the popup, press Shift+Enter": "Щоб відкрити спливаюче вікно, натисніть Shift+Enter",
 "Tools": "Інструменти",
"Top": "Верх",
 "Travel and Places": "Подорожі та місця",
 "Turquoise": "Бірюзовий",
 "UPPERCASE": "ВЕРХНИЙ РІСТР",
 "Underline": "Підкреслити",
 "Undo": "Скасувати",
 "Update": "Оновити",
 "Upload": "Завантажити",
 "Upper Alpha": "Великий регістр",
 "Upper Roman": "Верхній римський",
 "Url": "URL",
 "User Defined": "Настроюваний",
 "V Align": "Горизонтальне вирівнювання",
 "Valid": "Дійсний",
 "Version": "Версія",
 "Vertical space": "Вертикальний простір",
 "View": "Перегляд",
 "Warn": "Попередження",
 "White": "Білий",
 "Whole words": "Цілі слова",
 "Width": "Ширина",
 "Word count": "Кількість слів",
 "Words": "Слова",
 "Words: {0}": "Слова: {0}",
 "Yellow": "Жовтий",
 "Yes": "Так",
 "You have unsaved changes are you sure you want to navigate away?": "У вас є незбережені зміни. Ви впевнені, що хочете залишити це подання?",
 "alignment": "вирівнювання",
 "comments": "коментарі",
 "example": "приклад",
 "formatting": "форматування",
 "history": "історія",
 "indentation": "відступ",
 "lowercase": "нижній регістр",
 "permanent pen": "маркер",
 "styles": "стилі",
 "{0} characters": "{0} символів",
 "{0} words": "{0} слів"
}
